industry_id,industry_code,industry_description
1,111000,Crop Production
2,112000,Animal Production
3,113110,Timber Tract Operations
4,113210,Forest Nurseries and Gathering of Forest Products
5,113310,Logging
6,114111,Finfish Fishing
7,114112,Shellfish Fishing
8,114119,Other Marine Fishing
9,114210,Hunting and Trapping
10,115111,Cotton Ginning
11,115112,"Soil Preparation, Planting, and Cultivating"
12,115113,"Crop Harvesting, Primarily by Machine"
13,115114,Postharvest Crop Activities (except Cotton Ginning)
14,115115,Farm Labor Contractors and Crew Leaders
15,115116,Farm Management Services
16,115210,Support Activities for Animal Production
17,115310,Support Activities for Forestry
18,211120,Crude Petroleum Extraction
19,211130,Natural Gas Extraction
20,212114,Surface Coal Mining
21,212115,Underground Coal Mining
22,212210,Iron Ore Mining
23,212220,Gold Ore and Silver Ore Mining
24,212230,"Copper, Nickel, Lead, and Zinc Mining"
25,212290,Other Metal Ore Mining
26,212311,Dimension Stone Mining and Quarrying
27,212312,Crushed and Broken Limestone Mining and Quarrying
28,212313,Crushed and Broken Granite Mining and Quarrying
29,212319,Other Crushed and Broken Stone Mining and Quarrying
30,212321,Construction Sand and Gravel Mining
31,212322,Industrial Sand Mining
32,212323,"Kaolin, Clay, and Ceramic and Refractory Minerals Mining"
33,212390,Other Nonmetallic Mineral Mining and Quarrying
34,213111,Drilling Oil and Gas Wells
35,213112,Support Activities for Oil and Gas Operations
36,213113,Support Activities for Coal Mining
37,213114,Support Activities for Metal Mining
38,213115,Support Activities for Nonmetallic Minerals (except Fuels) Mining
39,221111,Hydroelectric Power Generation
40,221112,Fossil Fuel Electric Power Generation
41,221113,Nuclear Electric Power Generation
42,221114,Solar Electric Power Generation
43,221115,Wind Electric Power Generation
44,221116,Geothermal Electric Power Generation
45,221117,Biomass Electric Power Generation
46,221118,Other Electric Power Generation
47,221121,Electric Bulk Power Transmission and Control
48,221122,Electric Power Distribution
49,221210,Natural Gas Distribution
50,221310,Water Supply and Irrigation Systems
51,221320,Sewage Treatment Facilities
52,221330,Steam and Air-Conditioning Supply
53,236115,New Single-Family Housing Construction (except For-Sale Builders)
54,236116,New Multifamily Housing Construction (except For-Sale Builders)
55,236117,New Housing For-Sale Builders
56,236118,Residential Remodelers
57,236210,Industrial Building Construction
58,236220,Commercial and Institutional Building Construction
59,237110,Water and Sewer Line and Related Structures Construction
60,237120,Oil and Gas Pipeline and Related Structures Construction
61,237130,Power and Communication Line and Related Structures Construction
62,237210,Land Subdivision
63,237310,"Highway, Street, and Bridge Construction"
64,237990,Other Heavy and Civil Engineering Construction
65,238110,Poured Concrete Foundation and Structure Contractors
66,238120,Structural Steel and Precast Concrete Contractors
67,238130,Framing Contractors
68,238140,Masonry Contractors
69,238150,Glass and Glazing Contractors
70,238160,Roofing Contractors
71,238170,Siding Contractors
72,238190,"Other Foundation, Structure, and Building Exterior Contractors"
73,238210,Electrical Contractors and Other Wiring Installation Contractors
74,238220,"Plumbing, Heating, and Air-Conditioning Contractors"
75,238290,Other Building Equipment Contractors
76,238310,Drywall and Insulation Contractors
77,238320,Painting and Wall Covering Contractors
78,238330,Flooring Contractors
79,238340,Tile and Terrazzo Contractors
80,238350,Finish Carpentry Contractors
81,238390,Other Building Finishing Contractors
82,238910,Site Preparation Contractors
83,238990,All Other Specialty Trade Contractors
84,311111,Dog and Cat Food Manufacturing
85,311119,Other Animal Food Manufacturing
86,311211,Flour Milling
87,311212,Rice Milling
88,311213,Malt Manufacturing
89,311221,Wet Corn Milling and Starch Manufacturing
90,311224,Soybean and Other Oilseed Processing
91,311225,Fats and Oils Refining and Blending
92,311230,Breakfast Cereal Manufacturing
93,311313,Beet Sugar Manufacturing
94,311314,Cane Sugar Manufacturing
95,311340,Nonchocolate Confectionery Manufacturing
96,311351,Chocolate and Confectionery Manufacturing from Cacao Beans
97,311352,Confectionery Manufacturing from Purchased Chocolate
98,311411,"Frozen Fruit, Juice, and Vegetable Manufacturing"
99,311412,Frozen Specialty Food Manufacturing
100,311421,Fruit and Vegetable Canning
101,311422,Specialty Canning
102,311423,Dried and Dehydrated Food Manufacturing
103,311511,Fluid Milk Manufacturing
104,311512,Creamery Butter Manufacturing
105,311513,Cheese Manufacturing
106,311514,"Dry, Condensed, and Evaporated Dairy Product Manufacturing"
107,311520,Ice Cream and Frozen Dessert Manufacturing
108,311611,Animal (except Poultry) Slaughtering
109,311612,Meat Processed from Carcasses
110,311613,Rendering and Meat Byproduct Processing
111,311615,Poultry Processing
112,311710,Seafood Product Preparation and Packaging
113,311811,Retail Bakeries
114,311812,Commercial Bakeries
115,311813,"Frozen Cakes, Pies, and Other Pastries Manufacturing"
116,311821,Cookie and Cracker Manufacturing
117,311824,"Dry Pasta, Dough, and Flour Mixes Manufacturing from Purchased Flour"
118,311830,Tortilla Manufacturing
119,311911,Roasted Nuts and Peanut Butter Manufacturing
120,311919,Other Snack Food Manufacturing
121,311920,Coffee and Tea Manufacturing
122,311930,Flavoring Syrup and Concentrate Manufacturing
123,311941,"Mayonnaise, Dressing, and Other Prepared Sauce Manufacturing"
124,311942,Spice and Extract Manufacturing
125,311991,Perishable Prepared Food Manufacturing
126,311999,All Other Miscellaneous Food Manufacturing
127,312111,Soft Drink Manufacturing
128,312112,Bottled Water Manufacturing
129,312113,Ice Manufacturing
130,312120,Breweries
131,312130,Wineries
132,312140,Distilleries
133,312230,Tobacco Manufacturing
134,313110,"Fiber, Yarn, and Thread Mills"
135,313210,Broadwoven Fabric Mills
136,313220,Narrow Fabric Mills and Schiffli Machine Embroidery
137,313230,Nonwoven Fabric Mills
138,313240,Knit Fabric Mills
139,313310,Textile and Fabric Finishing Mills
140,313320,Fabric Coating Mills
141,314110,Carpet and Rug Mills
142,314120,Curtain and Linen Mills
143,314910,Textile Bag and Canvas Mills
144,314994,"Rope, Cordage, Twine, Tire Cord, and Tire Fabric Mills"
145,314999,All Other Miscellaneous Textile Product Mills
146,315120,Apparel Knitting Mills
147,315210,Cut and Sew Apparel Contractors
148,315250,Cut and Sew Apparel Manufacturing (except Contractors)
149,315990,Apparel Accessories and Other Apparel Manufacturing
150,316110,Leather and Hide Tanning and Finishing
151,316210,Footwear Manufacturing
152,316990,Other Leather and Allied Product Manufacturing
153,321113,Sawmills
154,321114,Wood Preservation
155,321211,Hardwood Veneer and Plywood Manufacturing
156,321212,Softwood Veneer and Plywood Manufacturing
157,321215,Engineered Wood Member Manufacturing
158,321219,Reconstituted Wood Product Manufacturing
159,321911,Wood Window and Door Manufacturing
160,321912,"Cut Stock, Resawing Lumber, and Planing"
161,321918,Other Millwork (including Flooring)
162,321920,Wood Container and Pallet Manufacturing
163,321991,Manufactured Home (Mobile Home) Manufacturing
164,321992,Prefabricated Wood Building Manufacturing
165,321999,All Other Miscellaneous Wood Product Manufacturing
166,322110,Pulp Mills
167,322120,Paper Mills
168,322130,Paperboard Mills
169,322211,Corrugated and Solid Fiber Box Manufacturing
170,322212,Folding Paperboard Box Manufacturing
171,322219,Other Paperboard Container Manufacturing
172,322220,Paper Bag and Coated and Treated Paper Manufacturing
173,322230,Stationery Product Manufacturing
174,322291,Sanitary Paper Product Manufacturing
175,322299,All Other Converted Paper Product Manufacturing
176,323111,Commercial Printing (except Screen and Books)
177,323113,Commercial Screen Printing
178,323117,Books Printing
179,323120,Support Activities for Printing
180,324110,Petroleum Refineries
181,324121,Asphalt Paving Mixture and Block Manufacturing
182,324122,Asphalt Shingle and Coating Materials Manufacturing
183,324191,Petroleum Lubricating Oil and Grease Manufacturing
184,324199,All Other Petroleum and Coal Products Manufacturing
185,325110,Petrochemical Manufacturing
186,325120,Industrial Gas Manufacturing
187,325130,Synthetic Dye and Pigment Manufacturing
188,325180,Other Basic Inorganic Chemical Manufacturing
189,325193,Ethyl Alcohol Manufacturing
190,325194,"Cyclic Crude, Intermediate, and Gum and Wood Chemical Manufacturing"
191,325199,All Other Basic Organic Chemical Manufacturing
192,325211,Plastics Material and Resin Manufacturing
193,325212,Synthetic Rubber Manufacturing
194,325220,Artificial and Synthetic Fibers and Filaments Manufacturing
195,325311,Nitrogenous Fertilizer Manufacturing
196,325312,Phosphatic Fertilizer Manufacturing
197,325314,Fertilizer (Mixing Only) Manufacturing
198,325315,Compost Manufacturing
199,325320,Pesticide and Other Agricultural Chemical Manufacturing
200,325411,Medicinal and Botanical Manufacturing
201,325412,Pharmaceutical Preparation Manufacturing
202,325413,In-Vitro Diagnostic Substance Manufacturing
203,325414,Biological Product (except Diagnostic) Manufacturing
204,325510,Paint and Coating Manufacturing
205,325520,Adhesive Manufacturing
206,325611,Soap and Other Detergent Manufacturing
207,325612,Polish and Other Sanitation Good Manufacturing
208,325613,Surface Active Agent Manufacturing
209,325620,Toilet Preparation Manufacturing
210,325910,Printing Ink Manufacturing
211,325920,Explosives Manufacturing
212,325991,Custom Compounding of Purchased Resins
213,325992,"Photographic Film, Paper, Plate, Chemical, and Copy Toner Manufacturing"
214,325998,All Other Miscellaneous Chemical Product and Preparation Manufacturing
215,326111,Plastics Bag and Pouch Manufacturing
216,326112,Plastics Packaging Film and Sheet (including Laminated) Manufacturing
217,326113,Unlaminated Plastics Film and Sheet (except Packaging) Manufacturing
218,326121,Unlaminated Plastics Profile Shape Manufacturing
219,326122,Plastics Pipe and Pipe Fitting Manufacturing
220,326130,"Laminated Plastics Plate, Sheet (except Packaging), and Shape Manufacturing"
221,326140,Polystyrene Foam Product Manufacturing
222,326150,Urethane and Other Foam Product (except Polystyrene) Manufacturing
223,326160,Plastics Bottle Manufacturing
224,326191,Plastics Plumbing Fixture Manufacturing
225,326199,All Other Plastics Product Manufacturing
226,326211,Tire Manufacturing (except Retreading)
227,326212,Tire Retreading
228,326220,Rubber and Plastics Hoses and Belting Manufacturing
229,326291,Rubber Product Manufacturing for Mechanical Use
230,326299,All Other Rubber Product Manufacturing
231,327110,"Pottery, Ceramics, and Plumbing Fixture Manufacturing"
232,327120,Clay Building Material and Refractories Manufacturing
233,327211,Flat Glass Manufacturing
234,327212,Other Pressed and Blown Glass and Glassware Manufacturing
235,327213,Glass Container Manufacturing
236,327215,Glass Product Manufacturing Made of Purchased Glass
237,327310,Cement Manufacturing
238,327320,Ready-Mix Concrete Manufacturing
239,327331,Concrete Block and Brick Manufacturing
240,327332,Concrete Pipe Manufacturing
241,327390,Other Concrete Product Manufacturing
242,327410,Lime Manufacturing
243,327420,Gypsum Product Manufacturing
244,327910,Abrasive Product Manufacturing
245,327991,Cut Stone and Stone Product Manufacturing
246,327992,Ground or Treated Mineral and Earth Manufacturing
247,327993,Mineral Wool Manufacturing
248,327999,All Other Miscellaneous Nonmetallic Mineral Product Manufacturing
249,331110,Iron and Steel Mills and Ferroalloy Manufacturing
250,331210,Iron and Steel Pipe and Tube Manufacturing from Purchased Steel
251,331221,Rolled Steel Shape Manufacturing
252,331222,Steel Wire Drawing
253,331313,Alumina Refining and Primary Aluminum Production
254,331314,Secondary Smelting and Alloying of Aluminum
255,331315,"Aluminum Sheet, Plate, and Foil Manufacturing"
256,331318,"Other Aluminum Rolling, Drawing, and Extruding"
257,331410,Nonferrous Metal (except Aluminum) Smelting and Refining
258,331420,"Copper Rolling, Drawing, Extruding, and Alloying"
259,331491,"Nonferrous Metal (except Copper and Aluminum) Rolling, Drawing, and Extruding"
260,331492,"Secondary Smelting, Refining, and Alloying of Nonferrous Metal (except Copper and Aluminum)"
261,331511,Iron Foundries
262,331512,Steel Investment Foundries
263,331513,Steel Foundries (except Investment)
264,331523,Nonferrous Metal Die-Casting Foundries
265,331524,Aluminum Foundries (except Die-Casting)
266,331529,Other Nonferrous Metal Foundries (except Die-Casting)
267,332111,Iron and Steel Forging
268,332112,Nonferrous Forging
269,332114,Custom Roll Forming
270,332117,Powder Metallurgy Part Manufacturing
271,332119,"Metal Crown, Closure, and Other Metal Stamping (except Automotive)"
272,332215,"Metal Kitchen Cookware, Utensil, Cutlery, and Flatware (except Precious) Manufacturing"
273,332216,Saw Blade and Handtool Manufacturing
274,332311,Prefabricated Metal Building and Component Manufacturing
275,332312,Fabricated Structural Metal Manufacturing
276,332313,Plate Work Manufacturing
277,332321,Metal Window and Door Manufacturing
278,332322,Sheet Metal Work Manufacturing
279,332323,Ornamental and Architectural Metal Work Manufacturing
280,332410,Power Boiler and Heat Exchanger Manufacturing
281,332420,Metal Tank (Heavy Gauge) Manufacturing
282,332431,Metal Can Manufacturing
283,332439,Other Metal Container Manufacturing
284,332510,Hardware Manufacturing
285,332613,Spring Manufacturing
286,332618,Other Fabricated Wire Product Manufacturing
287,332710,Machine Shops
288,332721,Precision Turned Product Manufacturing
289,332722,"Bolt, Nut, Screw, Rivet, and Washer Manufacturing"
290,332811,Metal Heat Treating
291,332812,"Metal Coating, Engraving (except Jewelry and Silverware), and Allied Services to Manufacturers"
292,332813,"Electroplating, Plating, Polishing, Anodizing, and Coloring"
293,332911,Industrial Valve Manufacturing
294,332912,Fluid Power Valve and Hose Fitting Manufacturing
295,332913,Plumbing Fixture Fitting and Trim Manufacturing
296,332919,Other Metal Valve and Pipe Fitting Manufacturing
297,332991,Ball and Roller Bearing Manufacturing
298,332992,Small Arms Ammunition Manufacturing
299,332993,Ammunition (except Small Arms) Manufacturing
300,332994,"Small Arms, Ordnance, and Ordnance Accessories Manufacturing"
301,332996,Fabricated Pipe and Pipe Fitting Manufacturing
302,332999,All Other Miscellaneous Fabricated Metal Product Manufacturing
303,333111,Farm Machinery and Equipment Manufacturing
304,333112,Lawn and Garden Tractor and Home Lawn and Garden Equipment Manufacturing
305,333120,Construction Machinery Manufacturing
306,333131,Mining Machinery and Equipment Manufacturing
307,333132,Oil and Gas Field Machinery and Equipment Manufacturing
308,333241,Food Product Machinery Manufacturing
309,333242,Semiconductor Machinery Manufacturing
310,333243,"Sawmill, Woodworking, and Paper Machinery Manufacturing"
311,333248,All Other Industrial Machinery Manufacturing
312,333310,Commercial and Service Industry Machinery Manufacturing
313,333413,Industrial and Commercial Fan and Blower and Air Purification Equipment Manufacturing
314,333414,Heating Equipment (except Warm Air Furnaces) Manufacturing
315,333415,Air-Conditioning and Warm Air Heating Equipment and Commercial and Industrial Refrigeration Equipment Manufacturing
316,333511,Industrial Mold Manufacturing
317,333514,"Special Die and Tool, Die Set, Jig, and Fixture Manufacturing"
318,333515,Cutting Tool and Machine Tool Accessory Manufacturing
319,333517,Machine Tool Manufacturing
320,333519,Rolling Mill and Other Metalworking Machinery Manufacturing
321,333611,Turbine and Turbine Generator Set Units Manufacturing
322,333612,"Speed Changer, Industrial High-Speed Drive, and Gear Manufacturing"
323,333613,Mechanical Power Transmission Equipment Manufacturing
324,333618,Other Engine Equipment Manufacturing
325,333912,Air and Gas Compressor Manufacturing
326,333914,"Measuring, Dispensing, and Other Pumping Equipment Manufacturing"
327,333921,Elevator and Moving Stairway Manufacturing
328,333922,Conveyor and Conveying Equipment Manufacturing
329,333923,"Overhead Traveling Crane, Hoist, and Monorail System Manufacturing"
330,333924,"Industrial Truck, Tractor, Trailer, and Stacker Machinery Manufacturing"
331,333991,Power-Driven Handtool Manufacturing
332,333992,Welding and Soldering Equipment Manufacturing
333,333993,Packaging Machinery Manufacturing
334,333994,Industrial Process Furnace and Oven Manufacturing
335,333995,Fluid Power Cylinder and Actuator Manufacturing
336,333996,Fluid Power Pump and Motor Manufacturing
337,333998,All Other Miscellaneous General Purpose Machinery Manufacturing
338,334111,Electronic Computer Manufacturing
339,334112,Computer Storage Device Manufacturing
340,334118,Computer Terminal and Other Computer Peripheral Equipment Manufacturing
341,334210,Telephone Apparatus Manufacturing
342,334220,Radio and Television Broadcasting and Wireless Communications Equipment Manufacturing
343,334290,Other Communications Equipment Manufacturing
344,334310,Audio and Video Equipment Manufacturing
345,334412,Bare Printed Circuit Board Manufacturing
346,334413,Semiconductor and Related Device Manufacturing
347,334416,"Capacitor, Resistor, Coil, Transformer, and Other Inductor Manufacturing"
348,334417,Electronic Connector Manufacturing
349,334418,Printed Circuit Assembly (Electronic Assembly) Manufacturing
350,334419,Other Electronic Component Manufacturing
351,334510,Electromedical and Electrotherapeutic Apparatus Manufacturing
352,334511,"Search, Detection, Navigation, Guidance, Aeronautical, and Nautical System and Instrument Manufacturing"
353,334512,"Automatic Environmental Control Manufacturing for Residential, Commercial, and Appliance Use"
354,334513,"Instruments and Related Products Manufacturing for Measuring, Displaying, and Controlling Industrial Process Variables"
355,334514,Totalizing Fluid Meter and Counting Device Manufacturing
356,334515,Instrument Manufacturing for Measuring and Testing Electricity and Electrical Signals
357,334516,Analytical Laboratory Instrument Manufacturing
358,334517,Irradiation Apparatus Manufacturing
359,334519,Other Measuring and Controlling Device Manufacturing
360,334610,Manufacturing and Reproducing Magnetic and Optical Media
361,335131,Residential Electric Lighting Fixture Manufacturing
362,335132,"Commercial, Industrial, and Institutional Electric Lighting Fixture Manufacturing"
363,335139,Electric Lamp Bulb and Other Lighting Equipment Manufacturing
364,335210,Small Electrical Appliance Manufacturing
365,335220,Major Household Appliance Manufacturing
366,335311,"Power, Distribution, and Specialty Transformer Manufacturing"
367,335312,Motor and Generator Manufacturing
368,335313,Switchgear and Switchboard Apparatus Manufacturing
369,335314,Relay and Industrial Control Manufacturing
370,335910,Battery Manufacturing
371,335921,Fiber Optic Cable Manufacturing
372,335929,Other Communication and Energy Wire Manufacturing
373,335931,Current-Carrying Wiring Device Manufacturing
374,335932,Noncurrent-Carrying Wiring Device Manufacturing
375,335991,Carbon and Graphite Product Manufacturing
376,335999,All Other Miscellaneous Electrical Equipment and Component Manufacturing
377,336110,Automobile and Light Duty Motor Vehicle Manufacturing
378,336120,Heavy Duty Truck Manufacturing
379,336211,Motor Vehicle Body Manufacturing
380,336212,Truck Trailer Manufacturing
381,336213,Motor Home Manufacturing
382,336214,Travel Trailer and Camper Manufacturing
383,336310,Motor Vehicle Gasoline Engine and Engine Parts Manufacturing
384,336320,Motor Vehicle Electrical and Electronic Equipment Manufacturing
385,336330,Motor Vehicle Steering and Suspension Components (except Spring) Manufacturing
386,336340,Motor Vehicle Brake System Manufacturing
387,336350,Motor Vehicle Transmission and Power Train Parts Manufacturing
388,336360,Motor Vehicle Seating and Interior Trim Manufacturing
389,336370,Motor Vehicle Metal Stamping
390,336390,Other Motor Vehicle Parts Manufacturing
391,336411,Aircraft Manufacturing
392,336412,Aircraft Engine and Engine Parts Manufacturing
393,336413,Other Aircraft Parts and Auxiliary Equipment Manufacturing
394,336414,Guided Missile and Space Vehicle Manufacturing
395,336415,Guided Missile and Space Vehicle Propulsion Unit and Propulsion Unit Parts Manufacturing
396,336419,Other Guided Missile and Space Vehicle Parts and Auxiliary Equipment Manufacturing
397,336510,Railroad Rolling Stock Manufacturing
398,336611,Ship Building and Repairing
399,336612,Boat Building
400,336991,"Motorcycle, Bicycle, and Parts Manufacturing"
401,336992,"Military Armored Vehicle, Tank, and Tank Component Manufacturing"
402,336999,All Other Transportation Equipment Manufacturing
403,337110,Wood Kitchen Cabinet and Countertop Manufacturing
404,337121,Upholstered Household Furniture Manufacturing
405,337122,Nonupholstered Wood Household Furniture Manufacturing
406,337126,Household Furniture (except Wood and Upholstered) Manufacturing
407,337127,Institutional Furniture Manufacturing
408,337211,Wood Office Furniture Manufacturing
409,337212,Custom Architectural Woodwork and Millwork Manufacturing
410,337214,Office Furniture (except Wood) Manufacturing
411,337215,"Showcase, Partition, Shelving, and Locker Manufacturing"
412,337910,Mattress Manufacturing
413,337920,Blind and Shade Manufacturing
414,339112,Surgical and Medical Instrument Manufacturing
415,339113,Surgical Appliance and Supplies Manufacturing
416,339114,Dental Equipment and Supplies Manufacturing
417,339115,Ophthalmic Goods Manufacturing
418,339116,Dental Laboratories
419,339910,Jewelry and Silverware Manufacturing
420,339920,Sporting and Athletic Goods Manufacturing
421,339930,"Doll, Toy, and Game Manufacturing"
422,339940,Office Supplies (except Paper) Manufacturing
423,339950,Sign Manufacturing
424,339991,"Gasket, Packing, and Sealing Device Manufacturing"
425,339992,Musical Instrument Manufacturing
426,339993,"Fastener, Button, Needle, and Pin Manufacturing"
427,339994,"Broom, Brush, and Mop Manufacturing"
428,339995,Burial Casket Manufacturing
429,339999,All Other Miscellaneous Manufacturing
430,423110,Automobile and Other Motor Vehicle Merchant Wholesalers
431,423120,Motor Vehicle Supplies and New Parts Merchant Wholesalers
432,423130,Tire and Tube Merchant Wholesalers
433,423140,Motor Vehicle Parts (Used) Merchant Wholesalers
434,423210,Furniture Merchant Wholesalers
435,423220,Home Furnishing Merchant Wholesalers
436,423310,"Lumber, Plywood, Millwork, and Wood Panel Merchant Wholesalers"
437,423320,"Brick, Stone, and Related Construction Material Merchant Wholesalers"
438,423330,"Roofing, Siding, and Insulation Material Merchant Wholesalers"
439,423390,Other Construction Material Merchant Wholesalers
440,423410,Photographic Equipment and Supplies Merchant Wholesalers
441,423420,Office Equipment Merchant Wholesalers
442,423430,Computer and Computer Peripheral Equipment and Software Merchant Wholesalers
443,423440,Other Commercial Equipment Merchant Wholesalers
444,423450,"Medical, Dental, and Hospital Equipment and Supplies Merchant Wholesalers"
445,423460,Ophthalmic Goods Merchant Wholesalers
446,423490,Other Professional Equipment and Supplies Merchant Wholesalers
447,423510,Metal Service Centers and Other Metal Merchant Wholesalers
448,423520,Coal and Other Mineral and Ore Merchant Wholesalers
449,423610,"Electrical Apparatus and Equipment, Wiring Supplies, and Related Equipment Merchant Wholesalers"
450,423620,"Household Appliances, Electric Housewares, and Consumer Electronics Merchant Wholesalers"
451,423690,Other Electronic Parts and Equipment Merchant Wholesalers
452,423710,Hardware Merchant Wholesalers
453,423720,Plumbing and Heating Equipment and Supplies (Hydronics) Merchant Wholesalers
454,423730,Warm Air Heating and Air-Conditioning Equipment and Supplies Merchant Wholesalers
455,423740,Refrigeration Equipment and Supplies Merchant Wholesalers
456,423810,Construction and Mining (except Oil Well) Machinery and Equipment Merchant Wholesalers
457,423820,Farm and Garden Machinery and Equipment Merchant Wholesalers
458,423830,Industrial Machinery and Equipment Merchant Wholesalers
459,423840,Industrial Supplies Merchant Wholesalers
460,423850,Service Establishment Equipment and Supplies Merchant Wholesalers
461,423860,Transportation Equipment and Supplies (except Motor Vehicle) Merchant Wholesalers
462,423910,Sporting and Recreational Goods and Supplies Merchant Wholesalers
463,423920,Toy and Hobby Goods and Supplies Merchant Wholesalers
464,423930,Recyclable Material Merchant Wholesalers
465,423940,"Jewelry, Watch, Precious Stone, and Precious Metal Merchant Wholesalers"
466,423990,Other Miscellaneous Durable Goods Merchant Wholesalers
467,424110,Printing and Writing Paper Merchant Wholesalers
468,424120,Stationery and Office Supplies Merchant Wholesalers
469,424130,Industrial and Personal Service Paper Merchant Wholesalers
470,424210,Drugs and Druggists' Sundries Merchant Wholesalers
471,424310,"Piece Goods, Notions, and Other Dry Goods Merchant Wholesalers"
472,424340,Footwear Merchant Wholesalers
473,424350,Clothing and Clothing Accessories Merchant Wholesalers
474,424410,General Line Grocery Merchant Wholesalers
475,424420,Packaged Frozen Food Merchant Wholesalers
476,424430,Dairy Product (except Dried or Canned) Merchant Wholesalers
477,424440,Poultry and Poultry Product Merchant Wholesalers
478,424450,Confectionery Merchant Wholesalers
479,424460,Fish and Seafood Merchant Wholesalers
480,424470,Meat and Meat Product Merchant Wholesalers
481,424480,Fresh Fruit and Vegetable Merchant Wholesalers
482,424490,Other Grocery and Related Products Merchant Wholesalers
483,424510,Grain and Field Bean Merchant Wholesalers
484,424520,Livestock Merchant Wholesalers
485,424590,Other Farm Product Raw Material Merchant Wholesalers
486,424610,Plastics Materials and Basic Forms and Shapes Merchant Wholesalers
487,424690,Other Chemical and Allied Products Merchant Wholesalers
488,424710,Petroleum Bulk Stations and Terminals
489,424720,Petroleum and Petroleum Products Merchant Wholesalers (except Bulk Stations and Terminals)
490,424810,Beer and Ale Merchant Wholesalers
491,424820,Wine and Distilled Alcoholic Beverage Merchant Wholesalers
492,424910,Farm Supplies Merchant Wholesalers
493,424920,"Book, Periodical, and Newspaper Merchant Wholesalers"
494,424930,"Flower, Nursery Stock, and Florists' Supplies Merchant Wholesalers"
495,424940,Tobacco Product and Electronic Cigarette Merchant Wholesalers
496,424950,"Paint, Varnish, and Supplies Merchant Wholesalers"
497,424990,Other Miscellaneous Nondurable Goods Merchant Wholesalers
498,425120,Wholesale Trade Agents and Brokers
499,441110,New Car Dealers
500,441120,Used Car Dealers
501,441210,Recreational Vehicle Dealers
502,441222,Boat Dealers
503,441227,"Motorcycle, ATV, and All Other Motor Vehicle Dealers"
504,441330,Automotive Parts and Accessories Retailers
505,441340,Tire Dealers
506,444110,Home Centers
507,444120,Paint and Wallpaper Retailers
508,444140,Hardware Retailers
509,444180,Other Building Material Dealers
510,444230,Outdoor Power Equipment Retailers
511,444240,"Nursery, Garden Center, and Farm Supply Retailers"
512,445110,Supermarkets and Other Grocery (except Convenience) Stores
513,445131,Convenience Retailers
514,445132,Vending Machine Operators
515,445230,Fruit and Vegetable Retailers
516,445240,Meat Retailers
517,445250,Fish and Seafood Retailers
518,445291,Baked Goods Retailers
519,445292,Confectionery and Nut Retailers
520,445298,All Other Specialty Food Retailers
521,445320,"Beer, Wine, and Liquor Retailers"
522,449110,Furniture Retailers
523,449121,Floor Covering Retailers
524,449122,Window Treatment Retailers
525,449129,All Other Home Furnishings Retailers
526,449210,Electronics and Appliance Retailers
527,455110,Department Stores
528,455211,Warehouse Clubs and Supercenters
529,455219,All Other General Merchandise Retailers
530,456110,Pharmacies and Drug Retailers
531,456120,"Cosmetics, Beauty Supplies, and Perfume Retailers"
532,456130,Optical Goods Retailers
533,456191,Food (Health) Supplement Retailers
534,456199,All Other Health and Personal Care Retailers
535,457110,Gasoline Stations with Convenience Stores
536,457120,Other Gasoline Stations
537,457210,Fuel Dealers
538,458110,Clothing and Clothing Accessories Retailers
539,458210,Shoe Retailers
540,458310,Jewelry Retailers
541,458320,Luggage and Leather Goods Retailers
542,459110,Sporting Goods Retailers
543,459120,"Hobby, Toy, and Game Retailers"
544,459130,"Sewing, Needlework, and Piece Goods Retailers"
545,459140,Musical Instrument and Supplies Retailers
546,459210,Book Retailers and News Dealers
547,459310,Florists
548,459410,Office Supplies and Stationery Retailers
549,459420,"Gift, Novelty, and Souvenir Retailers"
550,459510,Used Merchandise Retailers
551,459910,Pet and Pet Supplies Retailers
552,459920,Art Dealers
553,459930,Manufactured (Mobile) Home Dealers
554,459991,"Tobacco, Electronic Cigarette, and Other Smoking Supplies Retailers"
555,459999,All Other Miscellaneous Retailers
556,481111,Scheduled Passenger Air Transportation
557,481112,Scheduled Freight Air Transportation
558,481211,Nonscheduled Chartered Passenger Air Transportation
559,481212,Nonscheduled Chartered Freight Air Transportation
560,481219,Other Nonscheduled Air Transportation
561,482110,Rail transportation
562,483111,Deep Sea Freight Transportation
563,483112,Deep Sea Passenger Transportation
564,483113,Coastal and Great Lakes Freight Transportation
565,483114,Coastal and Great Lakes Passenger Transportation
566,483211,Inland Water Freight Transportation
567,483212,Inland Water Passenger Transportation
568,484110,"General Freight Trucking, Local"
569,484121,"General Freight Trucking, Long-Distance, Truckload"
570,484122,"General Freight Trucking, Long-Distance, Less Than Truckload"
571,484210,Used Household and Office Goods Moving
572,484220,"Specialized Freight (except Used Goods) Trucking, Local"
573,484230,"Specialized Freight (except Used Goods) Trucking, Long-Distance"
574,485111,Mixed Mode Transit Systems
575,485112,Commuter Rail Systems
576,485113,Bus and Other Motor Vehicle Transit Systems
577,485119,Other Urban Transit Systems
578,485210,Interurban and Rural Bus Transportation
579,485310,Taxi and Ridesharing Services
580,485320,Limousine Service
581,485410,School and Employee Bus Transportation
582,485510,Charter Bus Industry
583,485991,Special Needs Transportation
584,485999,All Other Transit and Ground Passenger Transportation
585,486110,Pipeline Transportation of Crude Oil
586,486210,Pipeline Transportation of Natural Gas
587,486910,Pipeline Transportation of Refined Petroleum Products
588,486990,All Other Pipeline Transportation
589,487110,"Scenic and Sightseeing Transportation, Land"
590,487210,"Scenic and Sightseeing Transportation, Water"
591,487990,"Scenic and Sightseeing Transportation, Other"
592,488111,Air Traffic Control
593,488119,Other Airport Operations
594,488190,Other Support Activities for Air Transportation
595,488210,Support Activities for Rail Transportation
596,488310,Port and Harbor Operations
597,488320,Marine Cargo Handling
598,488330,Navigational Services to Shipping
599,488390,Other Support Activities for Water Transportation
600,488410,Motor Vehicle Towing
601,488490,Other Support Activities for Road Transportation
602,488510,Freight Transportation Arrangement
603,488991,Packing and Crating
604,488999,All Other Support Activities for Transportation
605,491110,Postal Service
606,492110,Couriers and Express Delivery Services
607,492210,Local Messengers and Local Delivery
608,493110,General Warehousing and Storage
609,493120,Refrigerated Warehousing and Storage
610,493130,Farm Product Warehousing and Storage
611,493190,Other Warehousing and Storage
612,512110,Motion Picture and Video Production
613,512120,Motion Picture and Video Distribution
614,512131,Motion Picture Theaters (except Drive-Ins)
615,512132,Drive-In Motion Picture Theaters
616,512191,Teleproduction and Other Postproduction Services
617,512199,Other Motion Picture and Video Industries
618,512230,Music Publishers
619,512240,Sound Recording Studios
620,512250,Record Production and Distribution
621,512290,Other Sound Recording Industries
622,513110,Newspaper Publishers
623,513120,Periodical Publishers
624,513130,Book Publishers
625,513140,Directory and Mailing List Publishers
626,513191,Greeting Card Publishers
627,513199,All Other Publishers
628,513210,Software Publishers
629,516110,Radio Broadcasting Stations
630,516120,Television Broadcasting Stations
631,516210,"Media Streaming Distribution Services, Social Networks, and Other Media Networks and Content Providers"
632,517111,Wired Telecommunications Carriers
633,517112,Wireless Telecommunications Carriers (except Satellite)
634,517121,Telecommunications Resellers
635,517410,Satellite Telecommunications
636,517810,All Other Telecommunications
637,518210,"Computing Infrastructure Providers, Data Processing, Web Hosting, and Related Services"
638,519210,Libraries and Archives
639,519290,Web Search Portals and All Other Information Services
640,521110,Monetary Authorities-Central Bank
641,522110,Commercial Banking
642,522130,Credit Unions
643,522180,Savings Institutions and Other Depository Credit Intermediation
644,522210,Credit Card Issuing
645,522220,Sales Financing
646,522291,Consumer Lending
647,522292,Real Estate Credit
648,522299,"International, Secondary Market, and All Other Nondepository Credit Intermediation"
649,522310,Mortgage and Nonmortgage Loan Brokers
650,522320,"Financial Transactions Processing, Reserve, and Clearinghouse Activities"
651,522390,Other Activities Related to Credit Intermediation
652,523150,Investment Banking and Securities Intermediation
653,523160,Commodity Contracts Intermediation
654,523210,Securities and Commodity Exchanges
655,523910,Miscellaneous Intermediation
656,523940,Portfolio Management and Investment Advice
657,523991,"Trust, Fiduciary, and Custody Activities"
658,523999,Miscellaneous Financial Investment Activities
659,524113,Direct Life Insurance Carriers
660,524114,Direct Health and Medical Insurance Carriers
661,524126,Direct Property and Casualty Insurance Carriers
662,524127,Direct Title Insurance Carriers
663,524128,"Other Direct Insurance (except Life, Health, and Medical) Carriers"
664,524130,Reinsurance Carriers
665,524210,Insurance Agencies and Brokerages
666,524291,Claims Adjusting
667,524292,Pharmacy Benefit Management and Other Third Party Administration of Insurance and Pension Funds
668,524298,All Other Insurance Related Activities
669,525110,Pension Funds
670,525120,Health and Welfare Funds
671,525190,Other Insurance Funds
672,525910,Open-End Investment Funds
673,525920,"Trusts, Estates, and Agency Accounts"
674,525990,Other Financial Vehicles
675,531110,Lessors of Residential Buildings and Dwellings
676,531120,Lessors of Nonresidential Buildings (except Miniwarehouses)
677,531130,Lessors of Miniwarehouses and Self-Storage Units
678,531190,Lessors of Other Real Estate Property
679,531210,Offices of Real Estate Agents and Brokers
680,531311,Residential Property Managers
681,531312,Nonresidential Property Managers
682,531320,Offices of Real Estate Appraisers
683,531390,Other Activities Related to Real Estate
684,532111,Passenger Car Rental
685,532112,Passenger Car Leasing
686,532120,"Truck, Utility Trailer, and RV (Recreational Vehicle) Rental and Leasing"
687,532210,Consumer Electronics and Appliances Rental
688,532281,Formal Wear and Costume Rental
689,532282,Video Tape and Disc Rental
690,532283,Home Health Equipment Rental
691,532284,Recreational Goods Rental
692,532289,All Other Consumer Goods Rental
693,532310,General Rental Centers
694,532411,"Commercial Air, Rail, and Water Transportation Equipment Rental and Leasing"
695,532412,"Construction, Mining, and Forestry Machinery and Equipment Rental and Leasing"
696,532420,Office Machinery and Equipment Rental and Leasing
697,532490,Other Commercial and Industrial Machinery and Equipment Rental and Leasing
698,533110,Lessors of Nonfinancial Intangible Assets (except Copyrighted Works)
699,541110,Offices of Lawyers
700,541191,Title Abstract and Settlement Offices
701,541199,All Other Legal Services
702,541211,Offices of Certified Public Accountants
703,541213,Tax Preparation Services
704,541214,Payroll Services
705,541219,Other Accounting Services
706,541310,Architectural Services
707,541320,Landscape Architectural Services
708,541330,Engineering Services
709,541340,Drafting Services
710,541350,Building Inspection Services
711,541360,Geophysical Surveying and Mapping Services
712,541370,Surveying and Mapping (except Geophysical) Services
713,541380,Testing Laboratories and Services
714,541410,Interior Design Services
715,541420,Industrial Design Services
716,541430,Graphic Design Services
717,541490,Other Specialized Design Services
718,541511,Custom Computer Programming Services
719,541512,Computer Systems Design Services
720,541513,Computer Facilities Management Services
721,541519,Other Computer Related Services
722,541611,Administrative Management and General Management Consulting Services
723,541612,Human Resources Consulting Services
724,541613,Marketing Consulting Services
725,541614,"Process, Physical Distribution, and Logistics Consulting Services"
726,541618,Other Management Consulting Services
727,541620,Environmental Consulting Services
728,541690,Other Scientific and Technical Consulting Services
729,541713,Research and Development in Nanotechnology
730,541714,Research and Development in Biotechnology (except Nanobiotechnology)
731,541715,"Research and Development in the Physical, Engineering, and Life Sciences (except Nanotechnology and Biotechnology)"
732,541720,Research and Development in the Social Sciences and Humanities
733,541810,Advertising Agencies
734,541820,Public Relations Agencies
735,541830,Media Buying Agencies
736,541840,Media Representatives
737,541850,Indoor and Outdoor Display Advertising
738,541860,Direct Mail Advertising
739,541870,Advertising Material Distribution Services
740,541890,Other Services Related to Advertising
741,541910,Marketing Research and Public Opinion Polling
742,541921,"Photography Studios, Portrait"
743,541922,Commercial Photography
744,541930,Translation and Interpretation Services
745,541940,Veterinary Services
746,541990,"All Other Professional, Scientific, and Technical Services"
747,551111,Offices of Bank Holding Companies
748,551112,Offices of Other Holding Companies
749,551114,"Corporate, Subsidiary, and Regional Managing Offices"
750,561110,Office Administrative Services
751,561210,Facilities Support Services
752,561311,Employment Placement Agencies
753,561312,Executive Search Services
754,561320,Temporary Help Services
755,561330,Professional Employer Organizations
756,561410,Document Preparation Services
757,561421,Telephone Answering Services
758,561422,Telemarketing Bureaus and Other Contact Centers
759,561431,Private Mail Centers
760,561439,Other Business Service Centers (including Copy Shops)
761,561440,Collection Agencies
762,561450,Credit Bureaus
763,561491,Repossession Services
764,561492,Court Reporting and Stenotype Services
765,561499,All Other Business Support Services
766,561510,Travel Agencies
767,561520,Tour Operators
768,561591,Convention and Visitors Bureaus
769,561599,All Other Travel Arrangement and Reservation Services
770,561611,Investigation and Personal Background Check Services
771,561612,Security Guards and Patrol Services
772,561613,Armored Car Services
773,561621,Security Systems Services (except Locksmiths)
774,561622,Locksmiths
775,561710,Exterminating and Pest Control Services
776,561720,Janitorial Services
777,561730,Landscaping Services
778,561740,Carpet and Upholstery Cleaning Services
779,561790,Other Services to Buildings and Dwellings
780,561910,Packaging and Labeling Services
781,561920,Convention and Trade Show Organizers
782,561990,All Other Support Services
783,562111,Solid Waste Collection
784,562112,Hazardous Waste Collection
785,562119,Other Waste Collection
786,562211,Hazardous Waste Treatment and Disposal
787,562212,Solid Waste Landfill
788,562213,Solid Waste Combustors and Incinerators
789,562219,Other Nonhazardous Waste Treatment and Disposal
790,562910,Remediation Services
791,562920,Materials Recovery Facilities
792,562991,Septic Tank and Related Services
793,562998,All Other Miscellaneous Waste Management Services
794,611110,Elementary and Secondary Schools
795,611210,Junior Colleges
796,611310,"Colleges, Universities, and Professional Schools"
797,611410,Business and Secretarial Schools
798,611420,Computer Training
799,611430,Professional and Management Development Training
800,611511,Cosmetology and Barber Schools
801,611512,Flight Training
802,611513,Apprenticeship Training
803,611519,Other Technical and Trade Schools
804,611610,Fine Arts Schools
805,611620,Sports and Recreation Instruction
806,611630,Language Schools
807,611691,Exam Preparation and Tutoring
808,611692,Automobile Driving Schools
809,611699,All Other Miscellaneous Schools and Instruction
810,611710,Educational Support Services
811,621111,Offices of Physicians (except Mental Health Specialists)
812,621112,"Offices of Physicians, Mental Health Specialists"
813,621210,Offices of Dentists
814,621310,Offices of Chiropractors
815,621320,Offices of Optometrists
816,621330,Offices of Mental Health Practitioners (except Physicians)
817,621340,"Offices of Physical, Occupational and Speech Therapists, and Audiologists"
818,621391,Offices of Podiatrists
819,621399,Offices of All Other Miscellaneous Health Practitioners
820,621410,Family Planning Centers
821,621420,Outpatient Mental Health and Substance Abuse Centers
822,621491,HMO Medical Centers
823,621492,Kidney Dialysis Centers
824,621493,Freestanding Ambulatory Surgical and Emergency Centers
825,621498,All Other Outpatient Care Centers
826,621511,Medical Laboratories
827,621512,Diagnostic Imaging Centers
828,621610,Home Health Care Services
829,621910,Ambulance Services
830,621991,Blood and Organ Banks
831,621999,All Other Miscellaneous Ambulatory Health Care Services
832,622110,General Medical and Surgical Hospitals
833,622210,Psychiatric and Substance Abuse Hospitals
834,622310,Specialty (except Psychiatric and Substance Abuse) Hospitals
835,623110,Nursing Care Facilities (Skilled Nursing Facilities)
836,623210,Residential Intellectual and Developmental Disability Facilities
837,623220,Residential Mental Health and Substance Abuse Facilities
838,623311,Continuing Care Retirement Communities
839,623312,Assisted Living Facilities for the Elderly
840,623990,Other Residential Care Facilities
841,624110,Child and Youth Services
842,624120,Services for the Elderly and Persons with Disabilities
843,624190,Other Individual and Family Services
844,624210,Community Food Services
845,624221,Temporary Shelters
846,624229,Other Community Housing Services
847,624230,Emergency and Other Relief Services
848,624310,Vocational Rehabilitation Services
849,624410,Child Care Services
850,711110,Theater Companies and Dinner Theaters
851,711120,Dance Companies
852,711130,Musical Groups and Artists
853,711190,Other Performing Arts Companies
854,711211,Sports Teams and Clubs
855,711212,Racetracks
856,711219,Other Spectator Sports
857,711310,"Promoters of Performing Arts, Sports, and Similar Events with Facilities"
858,711320,"Promoters of Performing Arts, Sports, and Similar Events without Facilities"
859,711410,"Agents and Managers for Artists, Athletes, Entertainers, and Other Public Figures"
860,711510,"Independent Artists, Writers, and Performers"
861,712110,Museums
862,712120,Historical Sites
863,712130,Zoos and Botanical Gardens
864,712190,Nature Parks and Other Similar Institutions
865,713110,Amusement and Theme Parks
866,713120,Amusement Arcades
867,713210,Casinos (except Casino Hotels)
868,713290,Other Gambling Industries
869,713910,Golf Courses and Country Clubs
870,713920,Skiing Facilities
871,713930,Marinas
872,713940,Fitness and Recreational Sports Centers
873,713950,Bowling Centers
874,713990,All Other Amusement and Recreation Industries
875,721110,Hotels (except Casino Hotels) and Motels
876,721120,Casino Hotels
877,721191,Bed-and-Breakfast Inns
878,721199,All Other Traveler Accommodation
879,721211,RV (Recreational Vehicle) Parks and Campgrounds
880,721214,Recreational and Vacation Camps (except Campgrounds)
881,721310,"Rooming and Boarding Houses, Dormitories, and Workers' Camps"
882,722310,Food Service Contractors
883,722320,Caterers
884,722330,Mobile Food Services
885,722410,Drinking Places (Alcoholic Beverages)
886,722511,Full-Service Restaurants
887,722513,Limited-Service Restaurants
888,722514,"Cafeterias, Grill Buffets, and Buffets"
889,722515,Snack and Nonalcoholic Beverage Bars
890,811111,General Automotive Repair
891,811114,Specialized Automotive Repair
892,811121,"Automotive Body, Paint, and Interior Repair and Maintenance"
893,811122,Automotive Glass Replacement Shops
894,811191,Automotive Oil Change and Lubrication Shops
895,811192,Car Washes
896,811198,All Other Automotive Repair and Maintenance
897,811210,Electronic and Precision Equipment Repair and Maintenance
898,811310,Commercial and Industrial Machinery and Equipment (except Automotive and Electronic) Repair and Maintenance
899,811411,Home and Garden Equipment Repair and Maintenance
900,811412,Appliance Repair and Maintenance
901,811420,Reupholstery and Furniture Repair
902,811430,Footwear and Leather Goods Repair
903,811490,Other Personal and Household Goods Repair and Maintenance
904,812111,Barber Shops
905,812112,Beauty Salons
906,812113,Nail Salons
907,812191,Diet and Weight Reducing Centers
908,812199,Other Personal Care Services
909,812210,Funeral Homes and Funeral Services
910,812220,Cemeteries and Crematories
911,812310,Coin-Operated Laundries and Drycleaners
912,812320,Drycleaning and Laundry Services (except Coin-Operated)
913,812331,Linen Supply
914,812332,Industrial Launderers
915,812910,Pet Care (except Veterinary) Services
916,812921,Photofinishing Laboratories (except One-Hour)
917,812922,One-Hour Photofinishing
918,812930,Parking Lots and Garages
919,812990,All Other Personal Services
920,813110,Religious Organizations
921,813211,Grantmaking Foundations
922,813212,Voluntary Health Organizations
923,813219,Other Grantmaking and Giving Services
924,813311,Human Rights Organizations
925,813312,"Environment, Conservation and Wildlife Organizations"
926,813319,Other Social Advocacy Organizations
927,813410,Civic and Social Organizations
928,813910,Business Associations
929,813920,Professional Organizations
930,813930,Labor Unions and Similar Labor Organizations
931,813940,Political Organizations
932,813990,"Other Similar Organizations (except Business, Professional, Labor, and Political Organizations)"
933,814110,Private Households
934,901149,US Postal Service
935,901199,"Federal Government, Civilian, Excluding Postal Service"
936,901200,"Federal Government, Military"
937,902611,Elementary and Secondary Schools (State Government)
938,902612,"Colleges, Universities, and Professional Schools (State Government)"
939,902619,All Other Schools and Educational Support Services (State Government)
940,902622,Hospitals (State Government)
941,902999,"State Government, Excluding Education and Hospitals"
942,903611,Elementary and Secondary Schools (Local Government)
943,903612,"Colleges, Universities, and Professional Schools (Local Government)"
944,903619,All Other Schools and Educational Support Services (Local Government)
945,903622,Hospitals (Local Government)
946,903999,"Local Government, Excluding Education and Hospitals"
947,999999,Unclassified Industry
